{
  "classic": {
    "双均线交叉": {
      "strategy_name": "双均线交叉",
      "category": "classic",
      "initial_capital": 100000,
      "final_capital": 231928.22491996057,
      "total_return": 1.3192822491996057,
      "annual_return": 11.475581919462943,
      "annual_volatility": 0.25,
      "sharpe_ratio": 0.6788296834577895,
      "max_drawdown": -0.255141788154597,
      "win_rate": 0.5251141552511416,
      "profit_loss_ratio": 1.0434083444680198,
      "var_95": -0.024797870725639833,
      "cvar_95": -0.033365186545618215,
      "total_trades": 328
    },
    "MACD": {
      "strategy_name": "MACD",
      "category": "classic",
      "initial_capital": 100000,
      "final_capital": 108644.03797119613,
      "total_return": 0.0864403797119613,
      "annual_return": 0.2823828341356287,
      "annual_volatility": 0.25,
      "sharpe_ratio": 0.716868857425936,
      "max_drawdown": -0.504150311452443,
      "win_rate": 0.508675799086758,
      "profit_loss_ratio": 0.9972254532152504,
      "var_95": -0.026880368312576827,
      "cvar_95": -0.033506686554280046,
      "total_trades": 328
    },
    "RSI": {
      "strategy_name": "RSI",
      "category": "classic",
      "initial_capital": 100000,
      "final_capital": 67469.97305790178,
      "total_return": -0.3253002694209822,
      "annual_return": -0.6928633732143844,
      "annual_volatility": 0.25,
      "sharpe_ratio": 0.8420140210773827,
      "max_drawdown": -0.5786216730534036,
      "win_rate": 0.4776255707762557,
      "profit_loss_ratio": 1.053839050603674,
      "var_95": -0.024602375252359445,
      "cvar_95": -0.03346435669423364,
      "total_trades": 328
    },
    "布林带": {
      "strategy_name": "布林带",
      "category": "classic",
      "initial_capital": 100000,
      "final_capital": 379133.6877328995,
      "total_return": 2.791336877328995,
      "annual_return": 53.49756844224366,
      "annual_volatility": 0.25,
      "sharpe_ratio": 0.6297852745455871,
      "max_drawdown": -0.23656093064981537,
      "win_rate": 0.5415525114155251,
      "profit_loss_ratio": 1.054606629042932,
      "var_95": -0.023160497736363986,
      "cvar_95": -0.029863617629958802,
      "total_trades": 328
    },
    "KDJ": {
      "strategy_name": "KDJ",
      "category": "classic",
      "initial_capital": 100000,
      "final_capital": 185537.78598885355,
      "total_return": 0.8553778598885354,
      "annual_return": 5.387002845582892,
      "annual_volatility": 0.25,
      "sharpe_ratio": 0.9441606142610898,
      "max_drawdown": -0.35414225281570283,
      "win_rate": 0.5223744292237443,
      "profit_loss_ratio": 1.019556442712132,
      "var_95": -0.024303909443245206,
      "cvar_95": -0.031916997419058485,
      "total_trades": 328
    },
    "威廉指标": {
      "strategy_name": "威廉指标",
      "category": "classic",
      "initial_capital": 100000,
      "final_capital": 492375.02561230253,
      "total_return": 3.9237502561230255,
      "annual_return": 118.36803624304815,
      "annual_volatility": 0.25,
      "sharpe_ratio": 0.9072166725300503,
      "max_drawdown": -0.15781202699473174,
      "win_rate": 0.5424657534246575,
      "profit_loss_ratio": 1.0928391078179593,
      "var_95": -0.021961984731441495,
      "cvar_95": -0.02957440623497286,
      "total_trades": 328
    },
    "CCI": {
      "strategy_name": "CCI",
      "category": "classic",
      "initial_capital": 100000,
      "final_capital": 250426.9712674703,
      "total_return": 1.504269712674703,
      "annual_return": 14.705193918836885,
      "annual_volatility": 0.25,
      "sharpe_ratio": 0.9996909819865508,
      "max_drawdown": -0.27412874330210224,
      "win_rate": 0.5242009132420091,
      "profit_loss_ratio": 1.0548176844279549,
      "var_95": -0.024970132285364193,
      "cvar_95": -0.03212041698513079,
      "total_trades": 328
    },
    "DMI": {
      "strategy_name": "DMI",
      "category": "classic",
      "initial_capital": 100000,
      "final_capital": 253583.98124533577,
      "total_return": 1.5358398124533577,
      "annual_return": 15.30667621063364,
      "annual_volatility": 0.25,
      "sharpe_ratio": 0.5297293112729072,
      "max_drawdown": -0.33208680907635346,
      "win_rate": 0.5378995433789955,
      "profit_loss_ratio": 0.99570164054568,
      "var_95": -0.025766732728222958,
      "cvar_95": -0.03265005341108685,
      "total_trades": 328
    },
    "SAR": {
      "strategy_name": "SAR",
      "category": "classic",
      "initial_capital": 100000,
      "final_capital": 208190.86505808504,
      "total_return": 1.0819086505808504,
      "annual_return": 8.023707496561615,
      "annual_volatility": 0.25,
      "sharpe_ratio": 0.8417651670251662,
      "max_drawdown": -0.3242879812451885,
      "win_rate": 0.5187214611872146,
      "profit_loss_ratio": 1.0543722278103025,
      "var_95": -0.026156681943859443,
      "cvar_95": -0.031911747654819196,
      "total_trades": 328
    },
    "一目均衡表": {
      "strategy_name": "一目均衡表",
      "category": "classic",
      "initial_capital": 100000,
      "final_capital": 189077.96276009557,
      "total_return": 0.8907796276009557,
      "annual_return": 5.759627170068838,
      "annual_volatility": 0.25,
      "sharpe_ratio": 0.5953005780840813,
      "max_drawdown": -0.34578929545379483,
      "win_rate": 0.5168949771689497,
      "profit_loss_ratio": 1.0451356140613748,
      "var_95": -0.024265740283096457,
      "cvar_95": -0.030889518721602904,
      "total_trades": 328
    },
    "随机指标": {
      "strategy_name": "随机指标",
      "category": "classic",
      "initial_capital": 100000,
      "final_capital": 123102.16801138537,
      "total_return": 0.23102168011385366,
      "annual_return": 0.865507952332849,
      "annual_volatility": 0.25,
      "sharpe_ratio": 0.7097319590388795,
      "max_drawdown": -0.3343349102139644,
      "win_rate": 0.4940639269406393,
      "profit_loss_ratio": 1.0762951175313071,
      "var_95": -0.024829645639861144,
      "cvar_95": -0.031789105028381746,
      "total_trades": 328
    },
    "动量指标": {
      "strategy_name": "动量指标",
      "category": "classic",
      "initial_capital": 100000,
      "final_capital": 189739.98763496094,
      "total_return": 0.8973998763496094,
      "annual_return": 5.830879178952847,
      "annual_volatility": 0.25,
      "sharpe_ratio": 0.9401229937063209,
      "max_drawdown": -0.313972549310338,
      "win_rate": 0.5315068493150685,
      "profit_loss_ratio": 0.9869071114109051,
      "var_95": -0.02362617656497056,
      "cvar_95": -0.031026227161701368,
      "total_trades": 328
    },
    "成交量加权": {
      "strategy_name": "成交量加权",
      "category": "classic",
      "initial_capital": 100000,
      "final_capital": 67906.89829716535,
      "total_return": -0.32093101702834653,
      "annual_return": -0.6868577393715987,
      "annual_volatility": 0.25,
      "sharpe_ratio": 1.098791693856133,
      "max_drawdown": -0.5188824936335023,
      "win_rate": 0.5050228310502283,
      "profit_loss_ratio": 0.9423594120275804,
      "var_95": -0.025555502379768613,
      "cvar_95": -0.03161186756361655,
      "total_trades": 328
    },
    "海龟交易": {
      "strategy_name": "海龟交易",
      "category": "classic",
      "initial_capital": 100000,
      "final_capital": 150419.28194077965,
      "total_return": 0.5041928194077965,
      "annual_return": 2.4033807135169174,
      "annual_volatility": 0.25,
      "sharpe_ratio": 0.5167392923540877,
      "max_drawdown": -0.2986837057053613,
      "win_rate": 0.5141552511415525,
      "profit_loss_ratio": 1.0231060751382943,
      "var_95": -0.02486585956334835,
      "cvar_95": -0.033577656992928855,
      "total_trades": 328
    },
    "通道突破": {
      "strategy_name": "通道突破",
      "category": "classic",
      "initial_capital": 100000,
      "final_capital": 218401.24515270384,
      "total_return": 1.1840124515270383,
      "annual_return": 9.417543680988683,
      "annual_volatility": 0.25,
      "sharpe_ratio": 0.7929821949014552,