{
  "classic": {
    "count": 710000,
    "mean_return": 1.0913682255990107,
    "std_return": 1.5970256372415803,
    "min_return": -0.6051362081971057,
    "max_return": 7.55305332317927,
    "mean_sharpe": 0.5446317274635183,
    "mean_drawdown": -0.37450055623671646,
    "worst_drawdown": -0.6773647844244622,
    "profit_probability": 0.7746478873239436,
    "ruin_probability": 0.014084507042253521
  },
  "momentum": {
    "count": 710000,
    "mean_return": 1.118454899322378,
    "std_return": 1.5483840947020417,
    "min_return": -0.6999230903800836,
    "max_return": 8.997429570995358,
    "mean_sharpe": 0.5928651938426656,
    "mean_drawdown": -0.4049779236315324,
    "worst_drawdown": -0.828301506712288,
    "profit_probability": 0.7464788732394366,
    "ruin_probability": 0.028169014084507043
  },
  "value": {
    "count": 710000,
    "mean_return": 0.7934994318648879,
    "std_return": 1.2170726679150279,
    "min_return": -0.5152090938749391,
    "max_return": 9.520299346344967,
    "mean_sharpe": 0.46272460641814545,
    "mean_drawdown": -0.3296829546636541,
    "worst_drawdown": -0.7008545102315971,
    "profit_probability": 0.8732394366197183,
    "ruin_probability": 0.014084507042253521
  },
  "growth": {
    "count": 710000,
    "mean_return": 1.082131153280708,
    "std_return": 1.429575027493314,
    "min_return": -0.752346318004673,
    "max_return": 6.019932436868021,
    "mean_sharpe": 0.6631717435136294,
    "mean_drawdown": -0.4235174198707735,
    "worst_drawdown": -0.8253678624375193,
    "profit_probability": 0.7605633802816901,
    "ruin_probability": 0.04225352112676056
  },
  "ai": {
    "count": 710000,
    "mean_return": 1.5343724979624191,
    "std_return": 1.2383723065604972,
    "min_return": -0.39748024884469835,
    "max_return": 5.284115334894153,
    "mean_sharpe": 1.035877588201382,
    "mean_drawdown": -0.2485259053279794,
    "worst_drawdown": -0.6019996921616976,
    "profit_probability": 0.9436619718309859,
    "ruin_probability": 0.0
  },
  "lstm": {
    "count": 710000,
    "mean_return": 1.7980144767979884,
    "std_return": 1.7699487865879973,
    "min_return": -0.14871126008204572,
    "max_return": 8.95185623992781,
    "mean_sharpe": 1.1576132010178337,
    "mean_drawdown": -0.2233344627864063,
    "worst_drawdown": -0.6172016712795751,
    "profit_probability": 0.971830985915493,
    "ruin_probability": 0.0
  },
  "rl": {
    "count": 710000,
    "mean_return": 2.2328778639374653,
    "std_return": 1.9827209476012209,
    "min_return": -0.1570250105925196,
    "max_return": 12.57182039119692,
    "mean_sharpe": 0.9729017460683119,
    "mean_drawdown": -0.2705891995883755,
    "worst_drawdown": -0.5707969548525581,
    "profit_probability": 0.9859154929577465,
    "ruin_probability": 0.0
  },
  "sentiment": {
    "count": 710000,
    "mean_return": 1.3281140794268882,
    "std_return": 1.503060135947341,
    "min_return": -0.5418985196755974,
    "max_return": 7.364381677185484,
    "mean_sharpe": 0.6264105187660626,
    "mean_drawdown": -0.3472349208926944,
    "worst_drawdown": -0.701015331402077,
    "profit_probability": 0.8873239436619719,
    "ruin_probability": 0.014084507042253521
  },
  "arbitrage": {
    "count": 710000,
    "mean_return": 0.5460175787000537,
    "std_return": 0.2989673091760632,
    "min_return": 0.0323476405374683,
    "max_return": 1.695716755878205,
    "mean_sharpe": 0.9738495077287452,
    "mean_drawdown": -0.1070937056122079,
    "worst_drawdown": -0.31468149274576174,
    "profit_probability": 1.0,
    "ruin_probability": 0.0
  },
  "pairs_trading": {
    "count": 710000,
    "mean_return": 0.7650885881729191,
    "std_return": 0.5182346486624636,
    "min_return": -0.1827267575135566,
    "max_return": 2.6828524341299977,
    "mean_sharpe": 1.2296813605254917,
    "mean_drawdown": -0.11905603290863373,
    "worst_drawdown": -0.3414596908084072,
    "profit_probability": 0.9859154929577465,
    "ruin_probability": 0.0
  },
  "market_neutral": {
    "count": 710000,
    "mean_return": 0.4016219111919461,
    "std_return": 0.2282393904839642,
    "min_return": -0.06178360036768682,
    "max_return": 1.0986643656341744,
    "mean_sharpe": 0.9528273847655359,
    "mean_drawdown": -0.07896693620322462,
    "worst_drawdown": -0.25440307397387113,
    "profit_probability": 0.9859154929577465,
    "ruin_probability": 0.0
  },
  "optimization": {
    "count": 710000,
    "mean_return": 1.126488122405968,
    "std_return": 0.9653490228363585,
    "min_return": -0.32948282739914636,
    "max_return": 5.862698424491992,
    "mean_sharpe": 0.9738296464052515,
    "mean_drawdown": -0.19763519439223573,
    "worst_drawdown": -0.43423038358470245,
    "profit_probability": 0.9436619718309859,
    "ruin_probability": 0.0
  },
  "risk_parity": {
    "count": 710000,
    "mean_return": 0.9079603402638765,
    "std_return": 0.7404996427853456,
    "min_return": -0.34969097266299165,
    "max_return": 3.2388040184789064,
    "mean_sharpe": 1.0439085479422596,
    "mean_drawdown": -0.16292146669701207,
    "worst_drawdown": -0.35969763855168035,
    "profit_probability": 0.9436619718309859,
    "ruin_probability": 0.0
  },
  "multi_factor": {
    "count": 710000,
    "mean_return": 0.9469426933081422,
    "std_return": 0.9285476043373484,
    "min_return": -0.18840617385575542,
    "max_return": 4.682110004776734,
    "mean_sharpe": 0.82450598870503,
    "mean_drawdown": -0.24232336137848143,
    "worst_drawdown": -0.5303642436824272,
    "profit_probability": 0.9014084507042254,
    "ruin_probability": 0.0
  }
}